Trip_ID,Driver_ID,Vehicle_ID,Duration_Min,Distance_KM,Avg_Speed_kmph,Max_Speed_kmph,Telemetry_Minutes,Trip_Accel_Mag_Mean,Trip_Accel_Mag_Std,Trip_Gyro_Mag_Mean,Trip_Gyro_Mag_Std,Trip_Extreme_Braking_Count,Trip_Harsh_Acceleration_Count,Trip_Extreme_Rot_Count,Trip_High_Speed_Minutes,Is_Anomalous
T00001,D01,V01,16,9.34,28.7,39.4,16,1.015942849371013,0.07193238908424672,2.626879318044309,1.0672700618836541,0,0,0,0,False
T00002,D01,V01,22,5.0,28.5,54.4,22,0.9981214659653616,0.04317178418357944,4.626561836212162,7.208373975108704,2,1,1,3,False
T00003,D01,V01,27,7.25,16.9,32.7,27,1.0168001188706366,0.08421880685859247,4.699843083707394,6.789118059552954,0,0,1,0,False
T00004,D01,V01,42,9.27,23.9,40.4,42,1.004190567676735,0.05943017200806016,7.708967822806433,12.728350758695036,0,0,5,1,False
T00005,D01,V01,13,7.74,28.7,42.5,13,1.0404150700687913,0.0914955671325,6.098401847544783,12.215527119804703,1,0,1,2,False
T00006,D01,V01,19,11.26,21.7,33.4,19,1.0376359515598574,0.07437592523380065,5.227250844770779,8.662947033554333,0,1,1,0,False
T00007,D01,V01,15,6.2,20.0,38.2,15,1.0517059681150167,0.05367784157680774,3.610976096774266,1.572885756179052,0,0,0,0,True
T00008,D01,V01,41,14.97,25.3,41.7,41,1.0323590206089621,0.09338428069802206,6.52930803927015,10.93985591502604,1,1,5,2,False
T00009,D01,V01,31,17.09,23.8,42.3,31,1.086552703846149,0.1809486920559999,5.110172455488585,8.559156620699921,0,0,3,3,True
T00010,D01,V01,33,16.27,30.6,47.5,33,1.0130179965443091,0.0868266549569978,4.52194448494512,7.329995516023218,3,2,2,4,False
T00011,D01,V01,41,23.39,22.8,33.9,41,1.024592244195966,0.0786053526282438,4.339219835634773,7.869706665339222,0,0,1,0,False
T00012,D01,V01,29,11.69,32.1,45.8,29,1.011746764435433,0.12442210055442922,3.3775687869988356,2.029834120453875,3,3,1,5,False
T00013,D01,V01,37,14.92,28.1,47.0,37,1.0078956213582564,0.0670446386400711,6.810928980477781,12.981530167518398,2,1,3,5,False
T00014,D01,V01,24,16.29,29.5,45.0,24,1.0262390480409938,0.05699541958024761,7.264724001023139,12.43380428078334,1,1,2,1,False
T00015,D01,V01,37,14.69,19.9,47.2,37,1.0283074821275564,0.05582231767401425,5.918455264219544,9.662745655294678,1,1,2,1,False
T00016,D02,V02,14,6.21,23.1,44.7,14,1.1325710053677713,0.23287514799587256,7.315028202127649,11.116079045962344,3,1,2,3,True
T00017,D02,V02,25,9.63,22.8,38.0,25,1.0537789164149598,0.09390817389495193,5.427644492458572,6.791321304880908,2,2,2,0,True
T00018,D02,V02,25,19.0,22.2,33.7,25,1.0537890966530141,0.1795065567953587,4.504002458902011,5.624391990307027,0,0,3,0,True
T00019,D02,V02,20,6.61,16.9,31.5,20,1.0271155938567655,0.11467646413997183,3.5315977282428848,1.5991848205848977,1,1,1,0,False
T00020,D02,V02,43,9.39,21.7,44.1,43,1.0958517548196867,0.2099410945003592,4.215979969951618,3.539755017073151,2,2,4,1,True
T00021,D02,V02,45,23.92,18.8,36.3,45,1.0184967938342078,0.14006359292095252,6.690252666638946,11.541266342351172,2,3,4,0,False
T00022,D02,V02,41,11.6,22.3,36.9,41,1.0174957828314606,0.1258508649878817,5.1282002742214425,7.064593654001763,1,0,3,0,False
T00023,D02,V02,21,15.2,26.8,50.7,21,1.008604912692706,0.06805649562492885,3.0111624625849176,1.0444283867817419,2,1,0,4,False
T00024,D02,V02,35,16.23,27.5,50.5,35,1.0296087187230771,0.16421883010983074,3.9864427660980093,3.634487958684098,2,3,2,5,False
T00025,D02,V02,17,7.73,19.6,31.9,17,1.0055761150263134,0.1066054369819982,5.758669508094334,10.30520085151564,1,0,1,0,False
T00026,D02,V02,13,11.49,28.1,41.9,13,1.0115938457816893,0.08042884292754064,3.5691402015910865,1.1916758814803068,0,0,0,1,False
T00027,D02,V02,19,11.53,21.3,34.3,19,1.1092730839444902,0.2553544681733084,4.9080862681505595,4.7374623686775506,1,0,4,0,True
T00028,D02,V02,18,9.1,29.3,50.9,18,1.0571693960678041,0.11665273358976977,8.654799741477525,13.27717511997136,2,2,4,3,True
T00029,D02,V02,44,14.25,17.7,36.3,44,1.042665576984164,0.1360300720155891,4.457807374574528,7.081711050127341,1,0,3,0,False
T00030,D02,V02,22,10.41,22.1,35.1,22,1.0858367780710345,0.1977244126535394,5.309924425901074,6.029641294735696,0,0,3,0,True
T00031,D03,V03,18,9.23,14.3,32.4,18,1.0294614862985538,0.05810733886195258,5.947503577104677,9.591483114188236,0,1,1,0,False
T00032,D03,V03,38,16.21,13.3,35.6,38,1.025803803475414,0.0706447445424329,6.311434666758875,11.339396300479216,2,4,3,0,False
T00033,D03,V03,14,8.27,23.6,46.6,14,1.0702815806908883,0.1056047538532927,8.613389156803335,13.232652740819347,0,1,2,3,True
T00034,D03,V03,22,6.26,29.8,58.8,22,1.0303543814511251,0.052213695402059376,6.697086479564875,12.014617325564892,2,1,2,4,False
T00035,D03,V03,32,13.38,30.5,54.7,32,1.0368902674298204,0.07356878411875946,4.049594603687612,5.495898392804882,0,2,2,5,False
T00036,D03,V03,31,19.96,19.9,51.2,31,1.0372005605673627,0.06145999021618479,5.522011285624402,10.35941847178135,4,1,2,4,False
T00037,D03,V03,43,18.13,25.4,68.8,43,1.02813271459478,0.06258312771610033,4.572468178445142,7.4283757670864805,3,4,2,6,False
T00038,D03,V03,44,19.77,22.0,52.3,44,1.018233578713429,0.049508675288535364,3.9936064013041106,4.568622631232867,6,5,1,6,False
T00039,D03,V03,25,11.92,22.4,52.3,25,1.0168616542713893,0.06217797098227312,7.882012575168183,13.110029309848793,2,2,3,2,False
T00040,D03,V03,31,13.65,21.8,49.9,31,1.049047548860447,0.06768467259444999,6.9184362836924915,11.076263842173352,4,4,3,4,True
T00041,D03,V03,35,12.38,27.4,60.1,35,1.029679941368934,0.062140884047365126,3.126528721095188,1.2376238555469328,4,1,0,4,False
T00042,D03,V03,40,7.88,21.5,53.4,40,1.0202964074029617,0.05970196097462101,4.299358065304892,7.956287320378015,6,5,1,3,False
T00043,D03,V03,39,20.88,16.4,47.1,39,1.0241918340247302,0.05671591198924046,5.4475217070881286,8.771482475045785,1,5,3,1,False
T00044,D03,V03,27,9.3,32.4,59.1,27,1.042267187433185,0.0812642815858305,5.014368074494082,5.9396326808350945,2,3,3,7,False
T00045,D03,V03,43,13.14,22.1,55.4,43,1.0438763260403061,0.0864344349783982,7.657542839845995,12.651470852947066,7,5,5,3,False
T00046,D04,V04,45,18.81,28.0,48.1,45,1.0029170335464495,0.04946212325138612,4.017363785619891,4.285748766736158,2,1,1,4,False
T00047,D04,V04,33,15.2,32.4,50.7,33,1.0105378184779732,0.03766773945081514,4.440458895133281,8.780838190380885,2,2,1,7,False
T00048,D04,V04,32,16.54,23.9,42.9,32,1.0215277770065345,0.04521312460423233,4.9705233556052475,8.490331355447697,1,1,1,1,False
T00049,D04,V04,32,10.78,29.8,51.6,32,1.0206382820545572,0.07251093589403845,6.580323171741992,11.421853420828912,1,0,3,5,False
T00050,D04,V04,38,10.83,22.3,37.6,38,1.0124790602409224,0.05176944674409371,2.8366518150555535,1.0576381929435503,0,0,0,0,False
T00051,D04,V04,38,12.83,15.3,29.1,38,1.037980263800708,0.13024134919532282,5.350716418416077,7.489062988999215,0,1,4,0,False
T00052,D04,V04,21,7.47,18.6,34.8,21,1.0236393718231505,0.039682594121115786,7.458190320492856,10.101897693031345,0,0,3,0,False
T00053,D04,V04,29,13.9,19.4,40.6,29,1.0185296237434016,0.051901266553707505,6.142162821693027,10.851803734670344,1,1,2,1,False
T00054,D04,V04,40,17.54,29.7,50.6,40,1.0162918784693473,0.03802991747053664,5.834317287635635,10.165391098821326,1,1,3,5,False
T00055,D04,V04,28,13.16,28.1,48.8,28,1.0101394849222773,0.04158845460638174,5.634235016139344,9.545732577520466,3,2,2,4,False
T00056,D04,V04,27,11.73,16.0,32.5,27,0.9888626070243822,0.035740033350592115,6.012290593690512,11.43534848458188,0,0,2,0,False
T00057,D04,V04,29,16.38,28.4,40.0,29,1.0216869844314183,0.056254037778762575,3.255770664566137,1.1166445913150247,1,1,0,0,False
T00058,D04,V04,20,9.66,25.4,43.6,20,1.0030481537494675,0.04336626459630268,6.687492414367776,11.113714392008188,0,0,2,1,False
T00059,D04,V04,32,18.54,26.9,36.5,32,1.0037992253433818,0.04216965978614187,6.435968142872806,9.10947158632802,0,0,3,0,False
T00060,D04,V04,31,9.64,20.2,45.7,31,1.0036310954217436,0.034441425337850134,3.654498074734695,1.459357832228186,2,2,1,1,False
T00061,D05,V05,42,19.04,33.1,47.8,42,1.0063866080761932,0.029078444604615037,3.737050543565355,6.0959737529506475,1,1,1,2,False
T00062,D05,V05,41,33.4,23.4,34.1,41,0.993322589990292,0.040441785573248845,3.9481713803753795,6.416360441867679,0,0,1,0,False
T00063,D05,V05,45,28.5,18.7,30.0,45,1.0052416675677316,0.03521638963545428,3.6995846679665854,4.541584369630062,0,1,1,0,False
T00064,D05,V05,26,17.15,31.7,42.0,26,1.0213684695929661,0.06707091242986851,4.6001672679801455,8.45660165497159,0,0,1,1,False
T00065,D05,V05,44,15.93,26.5,37.5,44,1.0017916837705445,0.03487038539606178,3.356335660190757,1.3092380279064384,2,4,0,0,False
T00066,D05,V05,22,14.07,22.1,30.8,22,1.0100177430058688,0.03453672572044925,2.951144843152112,1.3145028124769738,0,0,0,0,False
T00067,D05,V05,41,12.07,24.1,33.0,41,1.0034465945590674,0.04339619988554372,5.374278843697193,8.466149513382305,2,2,2,0,False
T00068,D05,V05,27,9.12,23.8,34.5,27,1.0023347931198106,0.033753055439810956,4.679040061488005,8.341373643519253,2,2,1,0,False
T00069,D05,V05,27,19.08,19.2,24.7,27,1.0365642063486524,0.12358871699080713,3.065690045056091,1.6832340984680867,0,0,1,0,False
T00070,D05,V05,39,19.7,20.5,29.7,39,1.0260591961001397,0.14386447550194295,5.387783687293084,7.2711392190354065,0,0,3,0,False
T00071,D05,V05,27,10.77,18.4,25.2,27,1.0210764128012992,0.08816568732580665,3.340112135774505,1.8281145694214003,0,0,0,0,False
T00072,D05,V05,26,19.89,17.9,25.7,26,1.020473569284318,0.10843856402502168,3.302781374904174,1.876879483922593,0,0,1,0,False
T00073,D05,V05,22,13.51,19.3,25.9,22,1.0112440846329767,0.03742473620856446,4.253138089280801,5.573450930024436,0,0,1,0,False
T00074,D05,V05,12,7.0,26.6,35.0,12,0.9979107559028261,0.03042349427274886,3.271848171590875,1.7022155216788757,0,0,0,0,False
T00075,D05,V05,41,19.37,20.0,30.2,41,1.02095521633655,0.07772938563418681,4.047137206089603,3.888205556032548,0,0,2,0,False
T00076,D06,V06,19,9.64,21.8,52.7,19,1.0240979528914387,0.053542960315229454,4.654789315698771,5.533389016299519,1,2,1,1,False
T00077,D06,V06,38,14.71,23.0,51.3,38,1.0203689651287646,0.05875226276908373,4.331937101986466,7.139936209663672,4,6,1,4,False
T00078,D06,V06,30,16.2,28.4,70.0,30,1.0229275085024327,0.052744789077529865,4.278891346111256,5.591636813736379,4,3,2,6,False
T00079,D06,V06,16,10.56,26.1,58.1,16,1.0286322431910102,0.08903494905009075,4.096882689828629,6.285334441446589,3,3,1,2,False
T00080,D06,V06,40,3.39,17.7,54.4,40,1.0243562297424504,0.06990737159202044,5.165477695759958,8.970891112847745,3,3,2,2,False
T00081,D06,V06,36,12.28,25.7,58.3,36,1.0199149110936832,0.05893159924511006,6.22075536139749,10.297982324446165,7,6,3,7,False
T00082,D06,V06,43,13.82,24.9,55.3,43,1.0239017089928468,0.07173719959249543,5.913722134257785,10.054199895125501,9,6,3,8,False
T00083,D06,V06,36,17.44,23.3,48.7,36,1.009313640640437,0.05177729602200923,6.946169050339105,11.387043864307241,1,2,4,5,False
T00084,D06,V06,40,10.42,24.3,48.2,40,1.0102770525026028,0.059919836933237866,4.187228937867522,5.133248466353228,1,3,1,4,False
T00085,D06,V06,20,11.43,25.4,49.3,20,1.0148498225380158,0.0339835516646639,9.969676260288539,16.475582739156092,1,1,3,2,False
T00086,D06,V06,22,12.86,36.4,61.3,22,1.0251965873987423,0.06337607258091332,4.214988059256662,5.430942497030646,2,2,1,11,False
T00087,D06,V06,36,17.77,25.5,49.6,36,1.014609865373628,0.07431718876628245,7.685404472299818,13.193135218738941,2,3,4,3,False
T00088,D06,V06,42,18.52,27.9,73.6,42,1.040111636777886,0.07337589283913144,5.689427488842865,10.328663672525852,4,7,3,11,False
T00089,D06,V06,38,17.55,35.8,63.4,38,1.0278321061300446,0.07974709028234432,3.9218063830188328,4.500730626501879,5,7,1,16,False
T00090,D06,V06,14,26.46,17.4,44.2,14,1.0285850977133126,0.06029016673830996,5.8081321262382515,12.087894824856258,1,2,1,1,False
T00091,D07,V07,44,10.44,16.2,34.5,44,1.021189165512249,0.06240421172754244,4.076777865927507,5.588269520815562,1,0,1,0,False
T00092,D07,V07,41,16.75,30.9,44.8,41,1.025752564143854,0.08843256798892671,5.551050069811775,9.157479140052889,1,1,4,5,False
T00093,D07,V07,32,19.64,17.4,30.8,32,1.002345252490736,0.04210732596478562,5.261842288252251,8.830803681457843,1,0,2,0,False
T00094,D07,V07,44,25.77,28.5,48.6,44,1.0169094252851119,0.04893296642069604,3.185082905279165,1.295298861140863,4,2,0,6,False
T00095,D07,V07,42,19.42,18.1,32.4,42,1.0447879479400857,0.09427955850710427,5.043040248442078,7.829550951533333,0,0,3,0,False
T00096,D07,V07,16,6.28,31.3,43.8,16,1.0057948292857546,0.029102327641886527,2.928727891764805,1.1325795623555426,1,0,0,2,False
T00097,D07,V07,16,9.24,22.0,33.5,16,1.004987534016961,0.030939622415410734,6.782623759760618,12.40559024240414,0,0,1,0,False
T00098,D07,V07,31,9.44,27.6,39.9,31,1.0127103427892237,0.030533920940343347,5.922099918342183,10.648528551357566,1,2,2,0,False
T00099,D07,V07,18,10.56,33.7,47.6,18,1.0076250380373584,0.046272269019620636,2.725570181041415,1.168141041744169,0,0,0,5,False
T00100,D07,V07,42,12.41,28.4,45.7,42,1.0144356965176695,0.04131087983129095,4.2263465413799315,7.124291468940181,4,3,1,4,False
T00101,D07,V07,25,14.96,27.1,44.1,25,1.0082974892250343,0.03953760370536207,4.386377746856946,7.273990068922955,3,2,1,2,False
T00102,D07,V07,20,11.13,28.5,54.4,20,0.9976887491984876,0.0309857305487458,3.301551005186181,1.288769694894328,2,3,0,4,False
T00103,D07,V07,36,23.1,30.2,47.4,36,1.0138287141489377,0.03719914792265944,4.5440086697518085,7.33922235571499,1,1,1,7,False
T00104,D07,V07,16,11.59,22.0,34.0,16,1.0093591234192152,0.03711923088848958,6.246101217713312,12.263900992341398,0,0,1,0,False
T00105,D07,V07,39,16.29,17.2,35.0,39,1.020325352074397,0.05569131573992069,5.8927602341933145,9.90209825726756,0,0,3,0,False
T00106,D08,V08,37,10.51,26.5,46.3,37,1.0250274493538702,0.06350676661905759,4.190319786793029,7.865902934542509,1,1,1,2,False
T00107,D08,V08,33,18.92,25.3,46.0,33,0.9945281448149799,0.02591595951270454,4.15737992935431,4.483453747039861,2,0,1,3,False
T00108,D08,V08,39,21.96,21.9,36.9,39,1.001240347832276,0.04301128035496884,3.3713381556827167,1.29742236925736,1,2,0,0,False
T00109,D08,V08,20,5.66,29.3,48.0,20,0.9981045867437359,0.037764281663970896,2.7637064450167914,1.3872299872967788,1,1,0,4,False
T00110,D08,V08,31,9.94,20.5,36.4,31,1.0298553126311611,0.09768863571002326,4.950029535615533,7.551713791126157,0,0,2,0,False
T00111,D08,V08,41,12.96,18.8,34.4,41,1.0274407723336973,0.12509095023219768,5.379967835471613,9.468980792119241,1,1,3,0,False
T00112,D08,V08,16,8.37,29.0,39.8,16,1.016088355111629,0.052811787639187945,5.387318573908213,7.236988219471676,1,1,1,0,False
T00113,D08,V08,45,29.76,18.5,36.9,45,1.015308849919457,0.042676443200112504,4.7553809934931985,8.117489567009791,1,2,2,0,False
T00114,D08,V08,40,14.46,20.3,40.3,40,1.02732308876251,0.05508474864970337,5.066354514738181,9.2819970182699,1,1,2,1,False
T00115,D08,V08,11,8.99,24.9,40.4,11,1.0132915814843957,0.06187235232425972,2.9619384035589316,0.9847095931669625,1,1,0,1,False
T00116,D08,V08,20,19.44,25.8,39.8,20,0.9997422955610119,0.041567857855981244,2.951620993825745,1.5586882166228995,0,0,1,0,False
T00117,D08,V08,39,16.03,29.6,56.3,39,1.0204985375130593,0.10296098678812107,4.090166023614303,4.115562998103327,2,3,1,6,False
T00118,D08,V08,16,11.92,26.6,36.6,16,1.009430274269347,0.054941994998467324,5.175785282588521,7.800238232843239,0,1,1,0,False
T00119,D08,V08,35,12.23,27.6,47.3,35,1.0481012410773327,0.1520510359197755,4.876679724760782,7.593698665135122,1,1,2,2,True
T00120,D08,V08,43,13.03,24.4,45.2,43,1.0146393896892052,0.05024702841676381,4.838298969283347,8.135288376374872,1,1,2,3,False
T00121,D09,V09,13,12.7,23.5,29.4,13,1.0176065521836457,0.03281991822541015,3.0053928766072766,1.3693543960597239,0,0,0,0,False
T00122,D09,V09,11,5.1,29.6,38.7,11,1.0204179840149743,0.025724534761532126,2.9219195319688627,1.043884511604971,0,1,0,0,False
T00123,D09,V09,43,18.24,20.7,31.0,43,1.0000781431078722,0.04238863003159682,3.5328331283721903,3.5554390718884648,1,0,2,0,False
T00124,D09,V09,13,10.78,21.6,30.0,13,1.0123140565888546,0.11350743765058832,3.212176179305433,1.8223774423889196,0,0,0,0,False
T00125,D09,V09,14,6.35,23.2,30.4,14,1.0166023124160621,0.033319360812518836,3.3878693865658738,1.2342071349025534,0,0,0,0,False
T00126,D09,V09,39,25.93,19.9,31.7,39,1.0153011598287631,0.0458411557114019,3.0531734367504484,1.3198738639866991,0,1,0,0,False
T00127,D09,V09,26,17.56,24.1,34.7,26,1.0055694930460615,0.050785376254296376,3.2397027096945807,1.1939143214274186,0,0,0,0,False
T00128,D09,V09,25,16.75,31.0,38.4,25,0.9986484493216631,0.03218427843809544,3.366624237607061,1.3955708370429911,0,0,0,0,False
T00129,D09,V09,34,26.33,27.7,38.7,34,1.0296183209756389,0.13513078353999672,3.400498784193315,1.7030816332664374,1,2,0,0,False
T00130,D09,V09,30,21.87,27.8,39.4,30,0.9996380609265859,0.02336842432536293,2.9344954521905326,1.404150169199081,2,3,0,0,False
T00131,D09,V09,34,12.8,24.2,30.0,34,1.0116326606885848,0.044142412147493496,4.614326337207261,8.580963326982626,0,1,1,0,False
T00132,D09,V09,38,17.92,31.0,40.7,38,0.9980431687167156,0.03164057793237681,3.9906929882100344,5.294027333285784,1,2,1,3,False
T00133,D09,V09,13,8.4,23.4,32.5,13,1.0048810508404284,0.03632372686902881,3.377356382251502,1.384937732488528,0,0,0,0,False
T00134,D09,V09,41,26.77,28.6,39.5,41,1.0188851986527563,0.0577546601192628,2.946829259181044,1.2764774773435534,1,2,0,0,False
T00135,D09,V09,22,12.36,29.3,38.0,22,1.0178070930461154,0.10747134049648785,4.959813023935224,5.746912234646225,2,1,1,0,False
T00136,D10,V10,37,18.61,21.5,38.9,37,1.0410778762570976,0.10858018747251987,3.4021798712711115,1.97363925394853,1,1,1,0,False
T00137,D10,V10,42,21.89,17.8,39.7,42,1.050914578982218,0.1494842354581124,4.7245842606603174,8.092288635371503,0,1,2,0,True
T00138,D10,V10,39,25.16,16.9,34.8,39,1.0076694712601584,0.044429788170312026,3.0950756144914076,1.4138931944573314,2,1,0,0,False
T00139,D10,V10,15,7.31,21.2,31.6,15,1.0237484819034897,0.0796490906613448,3.149178077653967,1.4419000740182824,0,0,0,0,False
T00140,D10,V10,13,5.75,20.5,36.6,13,1.0126904410946982,0.0411125656992813,6.752270579899447,12.704120218147462,0,0,1,0,False
T00141,D10,V10,26,16.08,19.8,38.4,26,1.0041790496136704,0.04276463222880402,3.404122210871658,1.3684553527200904,1,3,0,0,False
T00142,D10,V10,30,11.83,19.1,33.8,30,1.0828785024482055,0.19743287537321685,4.451644089277311,3.340163877210691,0,0,2,0,True
T00143,D10,V10,40,18.61,23.2,38.2,40,1.0263993285056086,0.11345096509171546,4.791673114457237,7.480833887714464,1,1,2,0,False
T00144,D10,V10,40,5.92,16.9,34.2,40,1.0423296563580382,0.10462380704970253,7.129098904547412,12.356735267494999,0,0,4,0,False
T00145,D10,V10,36,8.56,21.1,41.0,36,1.010941245749778,0.04542520228995836,4.1906855260029126,4.802100949725439,1,0,1,1,False
T00146,D10,V10,29,15.6,26.6,46.6,29,1.0054940722572177,0.07438400582025956,5.835055176849617,9.862609589125874,3,1,2,4,False
T00147,D10,V10,31,8.73,28.2,48.4,31,1.0203103823849413,0.06986473395601268,4.310952115456676,8.009315716933267,2,3,1,4,False
T00148,D10,V10,13,3.01,18.1,25.2,13,1.0251643139681585,0.08542378755384622,3.304476925623398,1.322570704609427,0,0,0,0,False
T00149,D10,V10,44,16.59,18.3,35.3,44,1.0127681180686812,0.04585860905186127,5.378345425092852,9.349101587839364,1,1,3,0,False
T00150,D10,V10,35,19.61,32.8,56.7,35,1.010891288248644,0.045245772309778894,4.7795956624787115,6.555438213046778,2,1,1,10,False
T00151,D11,V11,37,15.79,23.3,33.3,37,1.0084169428268956,0.0352853323820879,3.0909494104702175,1.1266392310615563,0,0,0,0,False
T00152,D11,V11,11,5.72,18.4,23.1,11,1.0044826755607021,0.03920471844376346,3.3779269119293436,1.4854732429195214,0,0,0,0,False
T00153,D11,V11,13,6.87,31.3,37.7,13,1.0022364809906177,0.03268596823059792,2.8560610334943743,1.7280311496135226,0,0,0,0,False
T00154,D11,V11,33,11.89,29.4,36.6,33,1.009254977924442,0.03958292507754266,4.73705148427394,8.68022253956904,0,0,1,0,False
T00155,D11,V11,33,13.31,29.9,38.0,33,1.0052403820662539,0.04092391976607208,4.687916439221395,8.830195535319007,1,1,1,0,False
T00156,D11,V11,32,14.27,22.6,31.9,32,1.0039262068894186,0.03126498394833678,3.043233947901297,1.500483453563086,1,1,0,0,False
T00157,D11,V11,27,16.74,27.2,39.1,27,1.0197408913697712,0.06214774290300256,2.8682104751467423,1.3520419613563919,1,1,0,0,False
T00158,D11,V11,37,21.35,28.1,39.9,37,1.005923062309036,0.024990181654233688,4.1898056101537655,4.91601569452559,2,2,1,0,False
T00159,D11,V11,12,18.95,24.1,38.9,12,1.0077982202742388,0.031924579508753666,2.8780337280100134,1.3787762138031014,0,0,0,0,False
T00160,D11,V11,25,13.77,30.8,39.3,25,0.9999991142950965,0.023423888470214267,3.2600581974493177,1.4093203700585557,1,0,0,0,False
T00161,D11,V11,17,10.55,16.0,26.6,17,1.0025409832143075,0.035924233278807755,3.147885187925494,1.184488822812074,0,0,0,0,False
T00162,D11,V11,11,6.22,28.3,37.0,11,1.0486181615718606,0.20796477188172158,5.253689635056109,3.706530687901345,0,0,1,0,True
T00163,D11,V11,30,19.31,18.0,27.4,30,1.0250743228290502,0.08962026793104146,3.4776115983419618,1.3026356191533497,0,0,0,0,False
T00164,D11,V11,11,4.73,24.3,32.2,11,0.9847210865374663,0.03623423659081603,3.9366282266652943,1.5819462776985402,0,1,0,0,False
T00165,D11,V11,28,17.96,27.4,41.6,28,1.0078658338057622,0.028099630494757364,4.753418612709631,9.454083816366182,2,2,1,1,False
T00166,D12,V12,36,12.8,24.1,47.7,36,1.0131975454252524,0.07154347768869945,3.039114602557918,1.1218564661271098,2,1,0,1,False
T00167,D12,V12,13,7.07,25.2,64.5,13,1.0844679420322476,0.12093547699649623,6.422469771501557,11.155495904276412,2,2,1,1,True
T00168,D12,V12,39,19.61,14.3,46.5,39,1.0227315282519776,0.07274226738713008,4.037837759098354,4.648136816925976,1,4,1,1,False
T00169,D12,V12,16,5.81,25.6,54.6,16,1.0370223936828096,0.06658071793245368,7.994931562888787,12.14513512721752,4,2,2,4,False
T00170,D12,V12,44,13.13,27.7,51.0,44,1.008662883369064,0.06591983492984484,7.855694732577246,13.088913337929432,3,2,6,7,False
T00171,D12,V12,15,6.54,30.3,48.9,15,1.03432189398836,0.045909300524415046,3.160463597952043,1.5434295691807445,1,1,1,2,False
T00172,D12,V12,22,10.84,21.0,48.7,22,1.006507992996049,0.052738582953785154,8.55413044273253,15.241759603629953,2,1,3,2,False
T00173,D12,V12,15,7.81,29.8,45.4,15,1.0213099403317234,0.06939024565773526,5.6077653538881025,9.424585690158573,0,1,1,4,False
T00174,D12,V12,27,12.44,24.7,53.1,27,1.0490200732680275,0.09898230587410714,3.0223294640184406,1.2056735190022052,3,4,0,4,True
T00175,D12,V12,13,16.02,24.1,34.8,13,1.0250956523889856,0.06640014112158675,7.127575120304621,14.162705861279328,1,1,1,0,False
T00176,D12,V12,10,9.34,25.6,40.7,10,1.0244547395667853,0.10111592126064442,8.843413291361566,15.696655742835073,1,0,1,2,False
T00177,D12,V12,20,13.08,25.3,46.2,20,0.9989333492888599,0.054617942671083296,3.3111117916938015,1.5634438043546743,2,1,0,4,False
T00178,D12,V12,41,10.35,17.6,52.4,41,1.0450963680328957,0.13975405562115745,5.0216356458711715,8.654999556679304,3,4,3,1,False
T00179,D12,V12,21,9.38,34.7,63.7,21,1.0467651200268844,0.14744447317501339,5.440631630264318,9.178924982641258,1,3,3,8,True
T00180,D12,V12,28,14.63,22.3,48.8,28,1.0310209985104395,0.08565296424245428,4.439221250516291,6.200465966035398,2,1,1,1,False
T00181,D13,V13,41,13.59,23.1,40.7,41,1.0365416741310944,0.1174661301577848,6.4770694311154084,10.583406510860437,5,1,5,2,False
T00182,D13,V13,35,17.59,16.9,32.2,35,1.0272587241320552,0.12211590195027199,3.6119117039302515,1.8235605484020765,1,0,2,0,False
T00183,D13,V13,25,13.92,17.5,31.7,25,1.0264935943074607,0.13918161413894983,3.2468895873943087,1.637769064176433,0,0,1,0,False
T00184,D13,V13,27,13.15,26.8,43.8,27,1.002883175822549,0.04301344271365986,5.388934821041499,10.74871012002638,2,1,2,3,False
T00185,D13,V13,32,14.95,26.5,40.9,32,1.012449750717416,0.08014283070420185,3.023598136314954,1.4303128230173927,2,0,0,1,False
T00186,D13,V13,40,15.28,32.9,61.8,40,1.0194735529907848,0.05578392151724084,4.115635456301475,7.005450609847262,3,4,1,10,False
T00187,D13,V13,12,5.61,19.0,34.1,12,1.004325487947976,0.038405457823214924,11.245898380096301,18.710065437654794,0,0,2,0,False
T00188,D13,V13,21,7.91,27.2,47.2,21,1.0159082729757458,0.050444027836895874,7.86884516969363,12.823613550016187,1,1,3,2,False
T00189,D13,V13,26,10.33,20.9,40.2,26,1.0145671546572403,0.08339777118328623,5.379145406514785,10.336110026668337,1,0,1,1,False
T00190,D13,V13,14,11.21,34.6,40.9,14,1.0478333527550043,0.20330702586499136,3.972952445701402,2.8418789031031175,0,0,1,2,True
T00191,D13,V13,22,9.64,21.6,43.0,22,1.0138359922180238,0.046974045230922364,5.081737723351224,9.078928292227323,1,0,1,1,False
T00192,D13,V13,45,27.12,28.7,48.6,45,1.0130704350493298,0.05850042993300954,3.503087957369794,3.6116178203500517,3,3,1,5,False
T00193,D13,V13,28,13.45,23.2,37.3,28,1.0160720489157717,0.07500976715141466,3.3556434902955923,1.3109000223062872,2,2,0,0,False
T00194,D13,V13,26,17.99,17.7,34.6,26,1.0374183636469843,0.17636401083762498,5.074806288006273,6.141451846654867,1,1,3,0,False
T00195,D13,V13,37,9.88,27.8,47.6,37,1.065607259113412,0.1755344430444777,4.559505124833738,6.764440688085895,2,2,3,7,True
T00196,D14,V14,33,5.98,22.6,63.1,33,1.0580995703775968,0.12915154283130104,5.9864859021029275,9.414743683362842,6,4,4,5,True
T00197,D14,V14,10,4.83,26.7,58.6,10,1.088432374546488,0.2228052613559251,3.814991969248814,1.7417699409786371,4,3,0,3,True
T00198,D14,V14,34,8.37,19.5,51.1,34,1.0585741159081743,0.17573573465909917,5.4741043921135555,9.933429261603504,3,5,3,4,True
T00199,D14,V14,10,2.67,25.3,43.6,10,1.043162294339479,0.09486614938014534,6.603185030318443,13.535213229670328,1,0,1,1,False
T00200,D14,V14,30,16.72,23.4,57.9,30,1.0253160809781035,0.061407351753257365,5.656512696147109,9.342649745138571,3,4,2,3,False
T00201,D14,V14,32,9.17,29.4,60.5,32,1.0733920169157456,0.1084941646549621,6.726676007052224,12.179375158341934,5,5,3,8,True
T00202,D14,V14,45,23.69,28.3,52.0,45,1.034625297951148,0.08664952627701934,3.283700075848648,1.6830371730231497,4,2,2,7,False
T00203,D14,V14,10,4.03,23.7,47.8,10,1.0344136960679733,0.054635208296017396,5.912916062135183,11.065635676982831,1,0,1,1,False
T00204,D14,V14,32,15.46,31.6,65.5,32,1.044217722133096,0.07562666389774787,5.759290414058026,9.90973741660722,7,5,2,12,False
T00205,D14,V14,20,13.49,21.0,44.1,20,1.03354601583403,0.07323561941542725,6.576130205387486,11.736863273320576,1,2,2,1,False
T00206,D14,V14,43,18.53,22.0,60.3,43,1.027490374901256,0.06256325710580955,5.132396519746116,7.774744914597048,5,5,3,6,False
T00207,D14,V14,45,13.04,30.9,61.2,45,1.0099554602125538,0.042888220836842704,4.840613814452241,8.907618043855948,4,7,2,10,False
T00208,D14,V14,44,14.23,19.0,44.8,44,1.0155516383780074,0.0516453178185219,3.431993829261272,1.270603296187527,3,3,0,3,False
T00209,D14,V14,23,6.0,33.0,62.6,23,1.0343148224312892,0.06201741187888024,5.995166950488779,11.475612648376327,3,2,2,7,False
T00210,D14,V14,15,8.02,25.0,55.3,15,1.0151052657086137,0.047964639475100455,3.092824562034053,1.1215596101342549,3,3,0,4,False
T00211,D15,V15,15,5.9,24.7,48.7,15,1.0015621266265347,0.049855217243819104,5.937374330578957,10.497255732805092,4,1,1,3,False
T00212,D15,V15,25,13.7,17.4,30.9,25,1.0138931748962807,0.04907636373911695,5.616803580984042,8.590240921912786,0,0,2,0,False
T00213,D15,V15,32,27.34,29.7,52.5,32,1.0338115471909874,0.10405750839063013,5.318775467602673,8.93611787112765,3,3,2,4,False
T00214,D15,V15,42,29.08,21.1,42.9,42,1.0083358718369373,0.04844366147151017,5.3654653962152805,8.300105649407957,1,0,4,1,False
T00215,D15,V15,22,15.83,24.8,42.4,22,1.0294746289015249,0.14991565022935316,4.097826296022339,4.3711812299576325,0,0,1,1,False
T00216,D15,V15,45,15.39,26.1,46.9,45,1.0312756086676844,0.1506685746868516,5.430148161521714,6.765656577149079,3,1,4,5,False
T00217,D15,V15,42,18.22,19.2,36.0,42,1.0377732886357756,0.10516830396938458,6.039404649057152,9.402395831639064,1,2,4,0,False
T00218,D15,V15,27,10.93,18.6,29.6,27,1.0462381212459773,0.12138597507942821,6.347778144523704,11.296550938830665,0,0,2,0,False
T00219,D15,V15,42,15.24,16.9,38.8,42,1.0116002036047016,0.09932174605437738,6.413692619856725,10.335662123852266,2,2,5,0,False
T00220,D15,V15,41,9.42,19.6,45.0,41,1.0125712363281543,0.09770083748307869,4.047069188466392,4.7037072356132175,0,1,1,1,False
T00221,D15,V15,13,11.28,18.1,30.0,13,0.9853596894915958,0.04292403194922629,5.634566564008042,8.695538009351472,0,1,1,0,False
T00222,D15,V15,36,16.74,28.8,45.2,36,1.00805771442272,0.07163004121223236,3.920051430445587,4.325914219398564,2,4,1,3,False
T00223,D15,V15,39,17.99,24.9,46.7,39,1.016462256626076,0.0679184405101168,4.159547636052173,7.050142729188086,0,1,1,2,False
T00224,D15,V15,13,7.79,18.2,26.3,13,1.0260459748491477,0.08030491238928467,6.064502580981147,9.377705430916762,0,0,1,0,False
T00225,D15,V15,45,20.93,30.1,46.2,45,1.0076885390649244,0.07174233735990349,6.359770785146395,10.850839515298857,3,4,4,6,False
T00226,D16,V16,33,13.75,29.0,36.4,33,1.0028812011655523,0.0483059195092794,6.1426922741648955,9.554460417166084,0,0,3,0,False
T00227,D16,V16,44,17.6,20.0,35.0,44,0.9959715182800715,0.043628806915957254,3.56348725637898,4.381517676000435,0,0,1,0,False
T00228,D16,V16,26,15.45,27.7,33.1,26,1.0176360914815208,0.052627908250114964,3.7899474046809427,1.5996120206294628,1,1,0,0,False
T00229,D16,V16,21,6.41,22.1,34.0,21,0.9905117458294076,0.05581716082602104,2.971444942912077,1.1484405508359399,0,0,0,0,False
T00230,D16,V16,35,20.13,28.7,39.9,35,1.0154359934626611,0.11454873241363933,7.516363043552523,11.467250851258125,2,2,5,0,False
T00231,D16,V16,27,10.89,20.4,27.7,27,1.0096587737837965,0.04198275015628224,3.3039376828798104,1.2983300852435757,0,0,0,0,False
T00232,D16,V16,24,16.32,23.7,33.6,24,1.025334762570557,0.1513527397297467,4.283047520923794,3.6427801996265883,0,0,1,0,False
T00233,D16,V16,17,6.13,27.4,38.5,17,1.0432776925094884,0.18246012531943068,3.5055250613993074,1.6467277922125496,0,0,1,0,False
T00234,D16,V16,43,30.63,24.6,37.5,43,1.0095602949020275,0.0620192886979636,3.9929813571655894,6.211349816679882,1,2,2,0,False
T00235,D16,V16,39,15.57,30.7,39.6,39,1.0181144978975618,0.05957478662660949,4.027029159115182,5.643945078609761,0,1,1,0,False
T00236,D16,V16,37,19.49,28.5,37.9,37,1.0128713114347425,0.06194086325798614,2.958206838378404,1.2121050920555998,3,4,0,0,False
T00237,D16,V16,20,7.56,28.3,39.4,20,1.0047635253708704,0.04147108167208207,4.6831508019266845,6.208900535471845,1,1,1,0,False
T00238,D16,V16,25,14.04,29.7,36.1,25,1.013939667139089,0.07352459482117638,3.336354347335087,1.2036453610708426,1,1,0,0,False
T00239,D16,V16,27,10.67,17.2,28.8,27,1.0085430073307842,0.04082187565547468,3.673042547602597,1.5379979240574124,0,0,0,0,False
T00240,D16,V16,41,27.28,19.5,28.0,41,1.022686064214575,0.07307543645326153,4.378070379569154,6.846750488029171,0,0,2,0,False
T00241,D17,V17,30,13.13,19.4,32.9,30,1.0310399695591468,0.13905833992078437,6.752141179074832,10.714404878215086,0,0,4,0,False
T00242,D17,V17,30,18.11,25.6,45.0,30,1.005663378823757,0.05396744062588423,3.895714794039489,4.45839575023254,0,2,1,3,False
T00243,D17,V17,37,24.36,27.4,52.0,37,1.0312226470639831,0.13946022240001524,4.718318224529682,6.9894871570862085,1,1,2,2,False
T00244,D17,V17,33,20.93,27.4,48.0,33,1.0252315511436287,0.052308817315942446,4.100437168586489,6.407728477865751,2,1,2,6,False
T00245,D17,V17,39,14.98,27.0,44.7,39,1.024159219989686,0.07959978714177338,7.417249536869392,12.61321953036473,2,2,5,1,False
T00246,D17,V17,44,28.62,28.0,45.2,44,1.0136348271290474,0.039376311544613296,4.401082105956718,6.191890339625252,2,5,2,3,False
T00247,D17,V17,27,9.65,31.6,49.6,27,1.0173116452955588,0.06812162238434744,4.71746262777945,8.35925500820823,2,1,1,7,False
T00248,D17,V17,31,17.34,24.8,38.0,31,1.020953627883716,0.0652238149358148,4.20087461236973,4.888469860210424,0,0,1,0,False
T00249,D17,V17,13,6.67,28.2,44.5,13,1.0591885798669762,0.06714857880843755,6.0546627755648625,10.710438299327667,0,0,1,2,True
T00250,D17,V17,33,14.64,25.1,48.3,33,1.0162488824039384,0.06334969845543592,3.229344784928771,1.1125711294924097,1,1,0,2,False
T00251,D17,V17,13,3.82,21.6,38.0,13,1.0278306079881696,0.05053887668147526,7.055503067360452,13.100716882624127,0,0,1,0,False
T00252,D17,V17,44,18.93,25.3,42.7,44,1.0139189496332806,0.05009177560493707,3.82090332803771,6.309247737089702,1,0,1,2,False
T00253,D17,V17,31,19.45,20.1,39.4,31,1.0108148567069288,0.043788921459307587,3.3777795147612513,1.4168776945504349,2,1,0,0,False
T00254,D17,V17,12,5.77,18.1,35.2,12,1.0195433293202047,0.07361373121915823,3.0821050607157177,1.5322841160866736,0,0,0,0,False
T00255,D17,V17,21,9.18,29.3,42.8,21,1.016908049001621,0.029571453625119575,4.064001655226174,6.662017342639905,1,2,1,4,False
T00256,D18,V18,25,17.39,21.1,27.7,25,1.0136532304815675,0.029767297742270934,4.887136760338907,7.925091632339873,0,0,2,0,False
T00257,D18,V18,18,10.19,21.6,30.3,18,1.007390417212167,0.02897448326060384,3.507075687219487,1.5835972124927424,0,0,0,0,False
T00258,D18,V18,19,9.49,24.4,32.6,19,1.0346844959203658,0.15444000707544545,3.652954190182611,1.207694957901181,0,0,0,0,False
T00259,D18,V18,39,24.03,20.1,32.2,39,1.0095429117421508,0.034860724656545945,3.088059940110108,1.1966130540778217,1,2,0,0,False
T00260,D18,V18,35,18.03,27.5,35.0,35,1.0316158919320193,0.09959459041617627,5.228974183160649,7.719700189839702,0,1,3,0,False
T00261,D18,V18,28,16.32,31.1,39.1,28,1.003282456805389,0.03510762936140126,5.138860963016755,9.093418507416983,1,1,1,0,False
T00262,D18,V18,38,21.74,18.8,25.6,38,1.0080081627390345,0.035440725678954475,4.705720044182699,6.6700321262234,0,0,2,0,False
T00263,D18,V18,25,12.79,30.4,38.1,25,1.0128675903732471,0.04761132099585804,3.08569197481714,1.3693585163883526,1,1,0,0,False
T00264,D18,V18,16,9.06,28.5,35.0,16,0.9807433199238819,0.03623593685364227,3.148887402845695,1.9179629816934267,0,0,0,0,False
T00265,D18,V18,21,7.15,23.9,29.1,21,1.0117981744399032,0.06582763029369255,2.9686332100564408,1.5535065842658962,0,0,0,0,False
T00266,D18,V18,11,8.56,32.0,39.3,11,1.0137315393724566,0.036373103932777026,3.649865272887128,1.7028305372965984,0,0,1,0,False
T00267,D18,V18,25,10.82,24.4,35.0,25,1.0145324918914307,0.03984165137040167,6.65301302040756,13.32756564380318,1,1,2,0,False
T00268,D18,V18,16,4.81,22.2,27.0,16,1.0104513033481768,0.042380512024226415,3.137998025401977,1.4236173240767733,0,0,0,0,False
T00269,D18,V18,40,10.24,31.9,40.1,40,1.0175589907648395,0.046428884838261034,4.170205563981527,4.417182424164319,0,0,1,1,False
T00270,D18,V18,44,13.13,21.0,31.8,44,1.004277628526326,0.04780059672384527,2.98156641889141,1.2022606066259565,0,0,0,0,False
T00271,D19,V19,33,15.68,22.9,54.4,33,1.0038350169523838,0.05003359447250082,4.357158712228044,7.874373075368889,3,4,1,5,False
T00272,D19,V19,15,8.79,19.9,33.4,15,1.0435214987388692,0.06923728611849413,3.080238617068326,1.325097056521174,0,0,0,0,False
T00273,D19,V19,45,2.29,28.1,53.2,45,1.052265277436053,0.09952858949809987,6.135203033781199,10.346959882939146,6,6,5,14,True
T00274,D19,V19,38,13.42,17.0,46.6,38,1.015881337985221,0.05510385062024146,3.2578084641207488,1.3663998111225446,4,7,0,4,False
T00275,D19,V19,15,7.19,18.5,44.3,15,1.112755208495051,0.2282845482392284,6.382860686105132,12.055815259292336,2,0,2,1,True
T00276,D19,V19,41,18.11,32.4,59.1,41,1.0604209031597422,0.13267364412506244,5.787090420477927,9.418954643528279,4,2,4,16,True
T00277,D19,V19,13,7.32,26.5,54.9,13,1.0959519692169588,0.19236979475373014,7.7434270150529,12.62841470260993,2,2,1,2,True
T00278,D19,V19,11,5.63,29.8,57.8,11,1.1723251249674378,0.2524749126291358,9.909772824105081,13.036859776498758,2,1,3,3,True
T00279,D19,V19,17,10.28,18.9,46.8,17,1.012305263121885,0.06194297899451035,4.819550332896587,8.164708690484227,4,0,1,1,False
T00280,D19,V19,10,4.99,25.9,50.5,10,1.0178359636867875,0.06201479237325867,5.9073428704872954,9.543106890461878,2,1,1,1,False
T00281,D19,V19,13,4.37,16.0,36.6,13,1.0054130956709026,0.05035754800662924,7.8657488492935475,12.336697071197394,0,0,2,0,False
T00282,D19,V19,10,4.61,33.4,58.6,10,1.0982467967967224,0.2208065350425292,7.634956561082544,11.780985542172164,1,0,2,3,True
T00283,D19,V19,44,20.12,23.1,48.7,44,1.0381672855741817,0.12003335148892674,4.723358319143111,7.0314621727205315,7,3,2,6,False
T00284,D19,V19,15,7.82,21.7,63.3,15,1.0564090672689235,0.15495972722891735,9.466176416963227,14.701918389506517,3,2,3,2,True
T00285,D19,V19,18,5.69,34.5,58.8,18,1.0048983263042253,0.05857843823225055,4.159445097305995,6.5420809636085,1,2,1,6,False
T00286,D20,V20,13,6.86,22.7,40.1,13,1.0083238348057721,0.03647439068895027,5.931076691061221,10.537959087278054,1,1,1,1,False
T00287,D20,V20,14,8.26,31.2,44.6,14,1.0104026929328942,0.05688015308549226,4.754850843591693,6.237530998059157,1,1,1,2,False
T00288,D20,V20,39,12.0,24.0,39.7,39,1.0133210616031199,0.055318840977488036,4.0501035703270825,6.2432234456656,1,0,1,0,False
T00289,D20,V20,12,4.03,18.4,28.5,12,1.0050290607659507,0.036271757346373,6.211082188883032,11.19113690103703,0,0,1,0,False
T00290,D20,V20,27,10.25,31.0,48.4,27,1.0288430263078001,0.08034414795615007,6.5191901144528925,12.917382038278337,0,0,2,5,False
T00291,D20,V20,10,4.51,20.9,30.4,10,1.0202243397927324,0.04014275214065385,6.180027631932123,9.280190279931132,0,0,1,0,False
T00292,D20,V20,28,22.32,23.9,42.1,28,1.034830774167827,0.07782899759183357,4.720458772641577,5.065316820635515,4,4,1,1,False
T00293,D20,V20,30,15.03,22.9,37.5,30,1.0248500986055653,0.07692680391234645,4.485213113441705,5.611938320901,2,1,1,0,False
T00294,D20,V20,44,21.19,24.3,39.4,44,1.0150497034646218,0.06313134662378114,5.198915987628585,8.289222748590857,0,1,3,0,False
T00295,D20,V20,11,6.97,23.6,47.9,11,1.0335850250993854,0.07831855131022905,6.745487893097735,13.760930651394151,1,0,1,1,False
T00296,D20,V20,30,18.68,26.0,41.5,30,1.0117271797097893,0.0481665268998657,3.095204675248542,1.3250171182965387,0,0,0,1,False
T00297,D20,V20,23,14.04,28.6,49.9,23,1.0201480315581277,0.07056455950719479,6.614355204282251,12.235793841182884,0,0,2,4,False
T00298,D20,V20,24,8.45,22.3,33.6,24,1.0285004310512915,0.08419483611537376,5.459586765398778,7.764882754583865,1,1,2,0,False
T00299,D20,V20,32,12.68,24.2,44.1,32,1.0413032561386573,0.10830034702845005,5.010389538199353,9.513896785867063,1,1,2,1,False
T00300,D20,V20,43,24.19,23.5,37.3,43,1.016066200535116,0.05963828939366985,4.395373374020356,6.288609307286458,0,1,2,0,False
T00301,D21,V21,41,18.17,27.5,48.1,41,1.015353161804329,0.05251052974690678,5.574400765222503,9.340087393135244,1,3,3,5,False
T00302,D21,V23,32,15.77,21.1,44.3,32,1.0322773934447023,0.11359424898214782,4.388052086550346,5.195591382847444,3,1,1,1,False
T00303,D21,V21,31,13.29,31.1,50.6,31,0.9953158900887804,0.04620629359735173,4.290789752890718,4.378316732075347,1,4,1,10,False
T00304,D21,V21,45,16.69,24.8,46.5,45,1.0181816833380386,0.061651271308007516,6.096548050517556,10.20500276607672,2,1,4,2,False
T00305,D21,V21,13,5.13,20.9,31.0,13,1.012704922885862,0.03038312184369055,2.6168813127560075,1.3266159496481116,0,0,0,0,False
T00306,D21,V21,33,11.58,30.8,46.8,33,1.0218605511134133,0.05646305888042781,6.705344652631366,11.686565807519013,0,2,3,3,False
T00307,D21,V29,38,9.46,18.0,31.6,38,1.0365467485335949,0.12755219895637285,4.481108437790074,5.90835014336245,0,0,2,0,False
T00308,D21,V21,39,19.68,27.8,45.0,39,1.0088177374987632,0.04708394737263124,4.320566999730758,6.109280324643002,0,2,1,1,False
T00309,D21,V21,33,13.11,20.2,35.8,33,1.019433245379468,0.05242653225521513,4.187025423958719,6.590879582022487,0,3,1,0,False
T00310,D21,V21,26,8.85,25.4,38.4,26,1.013044953521651,0.04597476514446406,4.920856545668071,6.5853745293061285,0,0,1,0,False
T00311,D21,V21,37,11.33,26.1,59.5,37,1.013545037865225,0.048695448137387944,4.579615582517747,8.847929891765242,2,1,1,1,False
T00312,D21,V21,34,21.52,19.3,37.7,34,1.032904200287677,0.10078871433854017,7.079041146254624,9.377009440062267,0,0,5,0,False
T00313,D21,V21,24,14.88,24.2,39.9,24,1.0058573245133904,0.032818357367109634,4.318256719083662,7.38730348460505,1,1,1,0,False
T00314,D21,V21,30,16.1,25.8,43.3,30,0.9954125522067355,0.034960335790123,2.8591468135209963,1.073635219660723,1,3,0,2,False
T00315,D21,V21,16,6.23,29.4,44.5,16,1.0274884345724953,0.04867255839875779,2.8339339068843112,1.0042442525794475,2,1,0,3,False
T00316,D22,V22,10,4.6,26.1,37.5,10,0.9957875214679761,0.03105393316768886,3.078873084258597,1.2070950119227708,1,1,0,0,False
T00317,D22,V22,28,12.59,20.0,27.6,28,1.0082702127289487,0.047186386713312316,5.094673357673922,7.4928350827851,0,0,1,0,False
T00318,D22,V22,43,14.81,17.6,31.3,43,1.0060379825211268,0.039230952966376714,3.2223166103795844,1.322786142293971,0,1,1,0,False
T00319,D22,V22,38,17.88,20.3,30.6,38,1.0094354717654974,0.059298392708623866,3.957717102434071,5.669029810722497,0,0,1,0,False
T00320,D22,V22,45,15.92,25.0,33.5,45,1.0032761929328708,0.0505631089098312,3.3677857119599612,1.5535434052244828,0,0,0,0,False
T00321,D22,V22,41,26.67,28.9,42.8,41,1.0227107138832618,0.08865151211963866,4.436277578221174,6.857921134002371,2,3,1,1,False
T00322,D22,V22,43,10.42,18.8,27.3,43,1.0054799365715716,0.05370159559951223,3.6574882543132627,4.982867375391455,0,0,1,0,False
T00323,D22,V22,15,8.79,28.1,35.6,15,1.0066295118116528,0.03034020110996078,3.7229407195775943,1.4015752866396436,0,1,0,0,False
T00324,D22,V22,39,16.51,17.0,24.2,39,1.0422111090720554,0.15811339709417252,3.8178399298906855,3.608021153659102,0,0,2,0,False
T00325,D22,V22,44,20.74,24.0,33.8,44,1.0072533566909485,0.040890869832108954,3.7374678428420514,5.491718292212141,1,1,1,0,False
T00326,D22,V22,16,5.74,28.0,39.4,16,1.0067294253416388,0.027748665338109817,3.6600650737161926,1.425222286723632,1,0,0,0,False
T00327,D22,V22,36,20.38,23.0,32.4,36,0.9982582180808739,0.03564390600046238,4.311716376350848,6.001643984387433,1,0,1,0,False
T00328,D22,V22,13,6.7,24.3,32.2,13,1.014072038121274,0.05276024348199513,7.21645847638239,13.327036278940744,0,0,1,0,False
T00329,D22,V22,35,18.3,25.8,36.7,35,1.0096400791946634,0.037260161240527535,3.2073810404232437,1.4555435628463063,3,0,0,0,False
T00330,D22,V22,12,4.14,15.0,26.4,12,1.0104699954895429,0.038847789903626036,3.652486248974993,1.5075063820936219,0,0,0,0,False
T00331,D23,V23,45,22.43,25.8,69.8,45,1.0477489757131822,0.07991156690921555,5.250735104538546,8.490367187140132,8,7,3,10,True
T00332,D23,V23,10,6.07,31.5,52.8,10,1.026414558789622,0.08927705630791208,3.3067423600235086,1.425784370648177,2,1,0,4,False
T00333,D23,V23,28,12.93,34.7,55.8,28,1.039589698960194,0.10008555948007833,3.445675928586515,3.2708928844654706,1,2,1,11,False
T00334,D23,V23,14,9.14,29.9,70.2,14,1.0512432842009554,0.07256233602032927,5.368861564984555,9.883251788698052,1,2,1,4,True
T00335,D23,V23,40,7.55,21.2,69.8,40,1.0380931901611106,0.11838476401072488,5.204405981060225,9.176581587112258,7,7,4,5,False
T00336,D23,V23,36,11.27,22.6,54.5,36,1.0406376090349287,0.12920440061439772,3.2529136037145605,1.4077561794133349,3,6,0,5,False
T00337,D23,V23,36,15.19,26.6,59.8,36,1.0315726681398512,0.0933066974300848,6.678856020532332,10.682030386524257,4,4,4,4,False
T00338,D23,V23,44,27.07,24.7,62.8,44,1.0332029220141352,0.08971178209727033,4.052532578612321,5.505361671511953,4,5,1,5,False
T00339,D23,V23,44,19.97,20.4,58.4,44,1.042100879495609,0.09468728285685829,4.702600949931309,8.325293136051528,5,5,2,5,False
T00340,D23,V23,40,12.15,20.3,59.8,40,1.0314404517513553,0.1206865806954487,7.313164960595083,12.472372474295476,6,5,5,4,False
T00341,D23,V23,27,12.13,21.0,44.7,27,1.0434641133554794,0.1194019378402382,7.189357258593757,10.080454315967957,1,0,4,2,False
T00342,D23,V23,23,12.35,29.3,50.2,23,1.0414482959989717,0.16190068160607732,5.408240569237911,9.963242400171675,2,2,2,6,False
T00343,D23,V23,25,11.03,20.8,56.8,25,1.0243046318802833,0.07696766845969828,6.678979142490716,11.412621741509028,5,3,2,4,False
T00344,D23,V23,10,6.11,18.0,39.6,10,1.0081837612395392,0.040439303940811334,5.358951089515382,8.626027360403185,0,1,1,0,False
T00345,D23,V23,35,12.4,24.0,60.7,35,1.0262422977063477,0.09296680684426864,8.388631760150108,14.182224584628953,1,3,4,4,False
T00346,D24,V24,22,15.36,19.5,62.5,22,1.0191867168337119,0.08843038614095879,4.777801978870823,8.82717983739335,2,2,1,1,False
T00347,D24,V24,38,15.03,26.5,67.0,38,1.0141955633410022,0.07290694798355184,5.7858590841280195,10.435269997448888,5,5,3,6,False
T00348,D24,V24,22,14.27,22.8,47.1,22,1.0164869352701913,0.07648897503820673,5.168498974646439,9.18818548768894,3,2,1,3,False
T00349,D24,V24,29,16.9,28.9,56.2,29,1.0342565720881967,0.12423335612565413,4.696566877812874,8.501736014537393,3,4,1,7,False
T00350,D24,V24,42,21.2,27.6,68.5,42,1.0398872622316986,0.1147916710698153,5.745693646097789,9.78206857526422,4,4,4,8,False
T00351,D24,V24,45,32.19,24.7,54.2,45,1.0511915855570355,0.11544265306299879,4.334388796304191,5.845829164516418,5,8,2,11,True
T00352,D24,V24,23,9.59,29.1,56.1,23,1.058903774393866,0.09496657814289612,4.726974204770226,8.937843297795993,4,4,1,4,True
T00353,D24,V24,12,7.4,28.4,41.2,12,1.0175755067210241,0.03769139937754216,6.2265794829491545,8.55648874092957,0,0,1,1,False
T00354,D24,V23,44,13.82,25.0,45.2,44,1.0667853736593078,0.1507131518503852,7.562576505248867,12.716017193580175,2,1,5,2,True
T00355,D24,V24,42,7.91,22.1,49.4,42,1.0170219546636934,0.07519088501220869,4.5989784547127,7.311832177167782,10,4,1,5,False
T00356,D24,V24,40,20.1,28.7,57.7,40,1.0548385678212227,0.14852970293244966,5.508924057695438,9.375924336055094,4,6,3,10,True
T00357,D24,V24,30,10.5,35.7,69.3,30,1.015890755980871,0.05737239435250192,4.857271384133712,7.706817942186604,4,6,1,14,False
T00358,D24,V24,26,12.02,25.5,50.8,26,1.0320145815682493,0.06303982525143474,5.383824343402441,7.832282736020372,2,2,2,3,False
T00359,D24,V24,29,13.09,29.6,57.4,29,1.0206015351252031,0.09244026806968854,4.764015229922811,7.560705059202108,4,4,2,8,False
T00360,D24,V24,16,4.84,25.5,46.1,16,1.0202873442465314,0.048622877143551894,8.105068986556432,13.181526739015167,2,1,2,2,False
T00361,D25,V25,25,11.0,24.9,37.2,25,1.0042572506976697,0.04565055701054185,5.579581036579083,9.26686882214937,2,0,2,0,False
T00362,D25,V25,11,5.74,30.3,46.1,11,1.0374189819551005,0.05480731216879233,3.685287555286577,1.5478828115638703,0,1,0,2,False
T00363,D25,V25,23,13.81,17.3,39.1,23,1.0129383059361547,0.05531469163935102,3.1263254710124717,1.2701941178394909,1,0,0,0,False
T00364,D25,V25,26,18.51,19.6,39.9,26,1.0609639825211548,0.11396650781946847,5.436793651001685,8.390100225163279,1,0,2,0,True
T00365,D25,V25,42,24.82,29.8,51.1,42,1.0393352472624646,0.10738854000613166,4.913694186320077,6.855592690429025,4,4,2,9,False
T00366,D25,V25,32,9.26,30.7,49.0,32,1.031817874100521,0.10995526802703344,5.828458766327685,8.941082580579442,2,3,3,7,False
T00367,D25,V25,36,17.45,26.6,45.1,36,1.025525479571059,0.05497731142929549,4.797059530735774,6.821560807801717,0,3,2,3,False
T00368,D25,V25,43,23.73,23.0,42.7,43,1.0217458873943146,0.054683654842364024,6.787799202481495,11.787813547243285,1,0,4,2,False
T00369,D25,V25,32,18.87,16.1,33.1,32,1.0292116743045023,0.07927952654604864,2.8067415215513742,1.3986775435802163,0,0,0,0,False
T00370,D25,V25,13,7.51,20.2,33.4,13,1.0856065205549519,0.18814672308055705,6.2505723808045035,8.685668194695843,0,0,1,0,True
T00371,D25,V25,18,9.05,27.4,44.1,18,1.0664765118260775,0.2379602407495693,10.036501801340153,15.56314683257804,0,0,4,2,True
T00372,D25,V25,45,13.56,27.2,46.1,45,1.0206846038533097,0.05969358796777939,4.606022760064135,5.796214370015576,0,3,2,3,False
T00373,D25,V25,21,10.0,16.0,38.2,21,1.0157541102063714,0.1199463087335577,5.648196009875689,12.11439416255413,1,0,1,0,False
T00374,D25,V25,41,12.55,24.4,43.0,41,1.015018820480361,0.08187208878746785,4.77721982965663,7.189301424103311,3,2,2,2,False
T00375,D25,V25,31,10.74,14.4,31.8,31,1.0402629749103458,0.13615680102379454,4.429075176893931,5.1524721749210896,1,0,3,0,False
T00376,D26,V26,19,11.35,31.1,42.3,19,1.0038991070196814,0.05289931504315796,2.921826480788177,1.3500611160473557,2,2,0,2,False
T00377,D26,V26,38,15.33,18.4,25.6,38,1.0212755123874848,0.048975850726395334,5.4890164826887435,9.870341085052663,0,0,3,0,False
T00378,D26,V21,29,20.4,31.1,41.0,29,0.9944122315892389,0.0281006458400515,4.27725818456089,7.8571414518794835,3,3,1,3,False
T00379,D26,V26,17,9.24,30.0,39.5,17,1.0237563677042252,0.08488937394701965,5.263820215122077,8.511488723443254,1,1,2,0,False
T00380,D26,V26,34,19.69,33.9,43.3,34,1.0037922059438196,0.0447606590450854,4.457176113203195,7.64482030480351,1,1,1,4,False
T00381,D26,V03,26,13.07,19.4,30.1,26,1.0052655318565549,0.04879199606087156,3.092408728296149,1.6232278298021228,1,0,0,0,False
T00382,D26,V26,26,10.95,24.9,39.1,26,1.0510221806782731,0.16161148087675864,4.44644263815801,2.9018838329942245,5,6,2,0,True
T00383,D26,V26,45,16.44,18.1,28.7,45,1.0378323099121909,0.1599805629248211,4.13575941790627,4.860638593646419,0,0,3,0,False
T00384,D26,V26,10,4.47,21.4,24.0,10,1.0254114120711988,0.046424801730568725,2.2639558053109416,1.093498011784447,0,0,0,0,False
T00385,D26,V26,30,18.3,20.8,34.1,30,1.0337226633244845,0.12442026388345716,3.2971624720932224,1.8826667529625252,0,0,1,0,False
T00386,D26,V26,42,21.24,18.9,31.1,42,1.0099921567909265,0.0613876954529787,3.1734741776318125,1.4273580322722106,0,1,0,0,False
T00387,D26,V26,18,7.1,28.1,38.5,18,1.0158899640250312,0.056945514659899235,4.815742460883161,8.783911904586256,1,1,1,0,False
T00388,D26,V26,32,18.94,23.6,35.4,32,1.0048189293348482,0.04788676698205951,3.50032227606884,1.0975780791830851,1,1,0,0,False
T00389,D26,V26,14,6.6,25.6,35.2,14,1.0104205379729587,0.04420294994864912,2.5748454908952403,1.2304655082913285,0,0,0,0,False
T00390,D26,V26,39,16.56,27.2,36.9,39,0.9979847885064961,0.04972876814230291,4.033448504592197,7.442689866876647,1,2,1,0,False
T00391,D27,V27,23,12.3,23.9,47.3,23,1.0124100277999435,0.04267345301701524,5.129277512286935,10.63155526261497,0,2,1,2,False
T00392,D27,V27,13,9.89,27.4,43.3,13,1.0093521044052873,0.043237022449937525,2.995941157766219,1.2100576959258074,0,1,0,2,False
T00393,D27,V27,45,18.97,22.1,33.8,45,1.0060141156312987,0.054695222031630034,3.000577694358535,1.3396955853791326,1,0,0,0,False
T00394,D27,V27,35,21.17,27.5,39.1,35,1.032366349029333,0.0821374831527236,5.38668955252929,7.620081148756404,2,1,3,0,False
T00395,D27,V27,18,9.8,20.5,42.3,18,1.009467578096337,0.0469065139723703,3.661045677538441,1.550901101363671,0,0,0,1,False
T00396,D27,V27,19,7.9,17.6,32.0,19,1.012400839164358,0.04649508715192433,7.230351537984023,11.81197348293076,1,0,2,0,False
T00397,D27,V27,14,8.74,18.8,30.2,14,1.0504717576513751,0.19151726358730936,6.25457470243083,8.9135796749591,0,1,2,0,True
T00398,D27,V27,36,14.8,29.8,51.3,36,1.0077350114526589,0.03882424902422731,4.012235458352802,6.461696589601821,2,3,1,6,False
T00399,D27,V27,11,6.0,24.8,45.7,11,1.008478237607819,0.04489775828000683,3.0067221373052493,0.7218477595327197,0,1,0,1,False
T00400,D27,V27,15,7.65,24.5,37.0,15,0.9997262010390852,0.030435933109425533,5.993846183764054,11.574625630726699,0,1,1,0,False
T00401,D27,V27,30,12.18,21.7,42.7,30,1.009330109290783,0.03323838369637731,4.565803115896786,7.1110701876722135,1,0,1,1,False
T00402,D27,V27,29,12.4,21.0,40.1,29,1.0248963857302429,0.05602823172149868,4.737283077970743,7.225731851554625,2,2,1,1,False
T00403,D27,V27,33,11.2,22.5,40.0,33,1.033828949220215,0.10247426870461436,6.024253810622238,10.491554756731297,1,2,3,0,False
T00404,D27,V27,29,8.97,19.6,35.0,29,1.0307381360039125,0.12023012972572532,6.716996197894594,10.870588268098563,0,0,3,0,False
T00405,D27,V27,16,7.91,22.7,38.3,16,1.032210254966337,0.05999212874884575,3.403825832767504,1.0363980960664911,1,0,0,0,False
T00406,D28,V28,11,8.66,16.7,25.6,11,1.1149570515458949,0.24749212215521754,14.518872939306005,19.050525227130002,0,0,4,0,True
T00407,D28,V28,18,8.96,17.1,25.1,18,1.0057368285353836,0.058074379841003464,3.105992536804528,1.3215273361589728,0,0,0,0,False
T00408,D28,V28,17,10.35,27.3,36.0,17,1.0083979055469214,0.03902186046459408,3.329626931235833,1.4964695218959065,0,1,0,0,False
T00409,D28,V28,31,12.2,23.2,34.8,31,1.0050716869412035,0.04968635875303592,2.997199143816504,1.4219518986411372,1,0,0,0,False
T00410,D28,V28,27,11.1,25.1,32.7,27,0.9992698545580112,0.03703296859322826,3.018470397396464,1.4712930527144805,1,1,0,0,False
T00411,D28,V28,33,24.8,17.3,25.7,33,1.0186489140307822,0.0787400525758985,4.9678545606673365,9.065869192874365,0,1,2,0,False
T00412,D28,V28,22,13.24,16.7,26.2,22,1.036733127324195,0.06808898225294396,3.130909308974841,1.2899751156227228,0,0,0,0,False
T00413,D28,V28,31,19.8,25.7,42.1,31,1.0140977906000264,0.058918249607540496,4.002062505123745,4.633074094153766,4,3,1,1,False
T00414,D28,V28,24,11.09,18.0,27.7,24,1.0221136607028494,0.05319077662400622,5.072317889159305,9.553507868275283,0,0,1,0,False
T00415,D28,V28,41,14.43,26.9,39.6,41,1.0139516289758679,0.08761633095270134,4.467424281592432,7.144547802026683,0,0,2,0,False
T00416,D28,V28,39,19.51,19.6,27.1,39,1.0310283013478347,0.08279318414804651,3.90045528122546,4.206511854654501,0,0,1,0,False
T00417,D28,V28,27,15.05,20.7,28.2,27,1.0030058124929047,0.051426266428103384,4.101585834407651,4.312462389404044,0,0,1,0,False
T00418,D28,V28,26,16.94,31.9,40.6,26,1.0101918562114796,0.04571947276342666,3.449249927187911,1.663713297832881,1,0,1,1,False
T00419,D28,V28,21,10.49,21.0,28.1,21,0.9994220382127379,0.048696190933493665,3.2995191762250005,1.362357099298738,0,0,0,0,False
T00420,D28,V28,32,15.13,22.1,31.8,32,0.9923458599814965,0.04830521700359333,3.3267056553587646,1.0502126273702925,0,0,0,0,False
T00421,D29,V29,33,21.52,26.1,47.0,33,1.0137053551477668,0.10484183730392774,3.7687608296746262,2.725495824658775,0,1,2,1,False
T00422,D29,V29,22,16.01,28.7,42.0,22,0.996735474355986,0.026966179459646158,3.385892181329084,1.5525118050486033,0,1,0,1,False
T00423,D29,V29,43,19.83,31.5,40.8,43,1.0002219736007127,0.0355360821428595,3.164563201995075,1.3899315574523723,0,0,0,1,False
T00424,D29,V09,27,16.85,27.2,38.7,27,0.9987668902534802,0.0366379748356997,3.8633695176632936,6.08002103738052,2,2,1,0,False
T00425,D29,V29,45,23.09,32.2,42.8,45,1.0051742745644223,0.035520960177478425,3.9738702478278203,7.007706774434937,1,1,2,1,False
T00426,D29,V29,34,21.91,31.0,44.6,34,1.0176139307355725,0.035784367282004334,3.3453037002112644,1.5557203068519072,2,2,0,1,False
T00427,D29,V19,36,18.57,25.2,34.4,36,1.0206280402625736,0.11370130335627177,2.762564575737445,0.8216591357161119,1,2,0,0,False
T00428,D29,V28,25,10.07,29.3,44.9,25,1.016873612127465,0.04621436644010193,3.498232570207236,1.2963863576388657,3,2,0,1,False
T00429,D29,V29,13,5.45,27.5,34.6,13,1.022433099149549,0.055771297071783126,6.219260418724692,11.76046023041154,0,1,1,0,False
T00430,D29,V14,20,8.65,26.4,36.4,20,1.018941269818767,0.03234417966218584,4.6129270252588075,9.174749344612088,1,1,1,0,False
T00431,D29,V23,22,17.16,31.7,40.0,22,1.0036736054886346,0.03953868521538475,4.699359578982037,8.592831536321022,1,1,1,0,False
T00432,D29,V10,16,11.87,18.4,28.4,16,0.994402376516058,0.04932586695805594,3.302953283297457,1.1513931773775272,0,0,0,0,False
T00433,D29,V29,39,14.96,19.3,30.3,39,1.0196657007608725,0.061445630434708694,4.007214911978206,6.865057628691224,0,0,1,0,False
T00434,D29,V29,26,11.06,23.6,29.3,26,1.0007452099455298,0.04294212106918589,3.2064590158642443,1.2978063810777865,0,0,0,0,False
T00435,D29,V02,41,16.92,17.9,24.3,41,1.0475778769107984,0.19297359042687806,3.8262112852131462,2.6077681800593866,0,0,1,0,True
T00436,D30,V30,15,8.08,18.8,27.6,15,1.0114820502992659,0.03206570134215424,6.263755688955354,12.36162862026854,0,0,1,0,False
T00437,D30,V30,31,16.49,25.2,58.0,31,0.9998779791663904,0.03662368547001349,4.815486513567095,7.007844363680974,3,2,1,2,False
T00438,D30,V30,43,27.75,19.5,35.7,43,1.0243190705861314,0.09570428042415768,5.082994781711771,7.0599938522010675,2,2,4,0,False
T00439,D30,V30,39,15.57,24.0,40.0,39,1.0094194102089216,0.09363446810328674,3.5911398535685524,1.5404089300909818,1,3,1,0,False
T00440,D30,V30,43,17.79,17.8,35.1,43,1.005381262185868,0.040252553529968566,4.609371981779334,6.032920534044987,2,0,1,0,False
T00441,D30,V30,39,16.95,14.3,35.1,39,1.0064788917451142,0.037145297353963797,3.2604723705495076,1.2578027721141731,0,1,0,0,False
T00442,D30,V30,41,15.1,27.1,41.6,41,1.0140852366014808,0.049281449142571994,6.046017708402506,11.212556872383093,1,2,4,2,False
T00443,D30,V30,25,15.35,27.0,51.3,25,1.0035963021839265,0.03210435852337042,3.1303037400239124,1.1100631059352681,1,2,0,3,False
T00444,D30,V30,29,18.85,18.4,40.9,29,1.0119107049806813,0.039614224185762624,3.4181349488547736,1.397543133388909,1,2,0,1,False
T00445,D30,V06,45,24.13,20.8,40.6,45,1.019091387128196,0.07209235091357537,4.398444196126698,6.493799821595862,1,0,2,1,False
T00446,D30,V30,29,17.61,28.2,42.0,29,1.0172864038650906,0.07683116992697259,4.857727579002006,9.580173723965206,2,2,1,2,False
T00447,D30,V30,16,6.7,25.7,47.2,16,1.0221008976766623,0.07161614319736105,2.5667652526525675,0.9040486050505031,2,1,0,2,False
T00448,D30,V30,25,9.63,28.8,43.0,25,1.0435243408523724,0.15513297403834111,3.858342542061854,1.8532912244492192,0,0,1,3,False
T00449,D30,V30,32,19.35,18.0,33.6,32,1.0031624338817011,0.03241375651475476,2.539892286108726,1.1690361290105689,0,1,0,0,False
T00450,D30,V09,22,10.57,21.9,42.5,22,1.0088403569292064,0.0435195375286914,5.672082415084662,10.746297000501464,4,3,1,1,False
